date,traffic,page_name
2018-01-01,359.0,List of Gods (Japanese Wikipedia)
2018-01-02,502.0,List of Gods (Japanese Wikipedia)
2018-01-03,470.0,List of Gods (Japanese Wikipedia)
2018-01-04,596.0,List of Gods (Japanese Wikipedia)
2018-01-05,628.0,List of Gods (Japanese Wikipedia)
2018-01-06,560.0,List of Gods (Japanese Wikipedia)
2018-01-07,549.0,List of Gods (Japanese Wikipedia)
2018-01-08,577.0,List of Gods (Japanese Wikipedia)
2018-01-09,615.0,List of Gods (Japanese Wikipedia)
2018-01-10,598.0,List of Gods (Japanese Wikipedia)
2018-01-11,573.0,List of Gods (Japanese Wikipedia)
2018-01-12,527.0,List of Gods (Japanese Wikipedia)
2018-01-13,556.0,List of Gods (Japanese Wikipedia)
2018-01-14,572.0,List of Gods (Japanese Wikipedia)
2018-01-15,571.0,List of Gods (Japanese Wikipedia)
2018-01-16,583.0,List of Gods (Japanese Wikipedia)
2018-01-17,569.0,List of Gods (Japanese Wikipedia)
2018-01-18,564.0,List of Gods (Japanese Wikipedia)
2018-01-19,569.0,List of Gods (Japanese Wikipedia)
2018-01-20,631.0,List of Gods (Japanese Wikipedia)
2018-01-21,518.0,List of Gods (Japanese Wikipedia)
2018-01-22,530.0,List of Gods (Japanese Wikipedia)
2018-01-23,633.0,List of Gods (Japanese Wikipedia)
2018-01-24,617.0,List of Gods (Japanese Wikipedia)
2018-01-25,699.0,List of Gods (Japanese Wikipedia)
2018-01-26,656.0,List of Gods (Japanese Wikipedia)
2018-01-27,603.0,List of Gods (Japanese Wikipedia)
2018-01-28,571.0,List of Gods (Japanese Wikipedia)
2018-01-29,533.0,List of Gods (Japanese Wikipedia)
2018-01-30,479.0,List of Gods (Japanese Wikipedia)
2018-01-31,563.0,List of Gods (Japanese Wikipedia)
2018-02-01,588.0,List of Gods (Japanese Wikipedia)
2018-02-02,598.0,List of Gods (Japanese Wikipedia)
2018-02-03,616.0,List of Gods (Japanese Wikipedia)
2018-02-04,578.0,List of Gods (Japanese Wikipedia)
2018-02-05,535.0,List of Gods (Japanese Wikipedia)
2018-02-06,505.0,List of Gods (Japanese Wikipedia)
2018-02-07,564.0,List of Gods (Japanese Wikipedia)
2018-02-08,579.0,List of Gods (Japanese Wikipedia)
2018-02-09,583.0,List of Gods (Japanese Wikipedia)
2018-02-10,663.0,List of Gods (Japanese Wikipedia)
2018-02-11,557.0,List of Gods (Japanese Wikipedia)
2018-02-12,616.0,List of Gods (Japanese Wikipedia)
2018-02-13,526.0,List of Gods (Japanese Wikipedia)
2018-02-14,517.0,List of Gods (Japanese Wikipedia)
2018-02-15,597.0,List of Gods (Japanese Wikipedia)
2018-02-16,494.0,List of Gods (Japanese Wikipedia)
2018-02-17,457.0,List of Gods (Japanese Wikipedia)
2018-02-18,465.0,List of Gods (Japanese Wikipedia)
2018-02-19,545.0,List of Gods (Japanese Wikipedia)
2018-02-20,610.0,List of Gods (Japanese Wikipedia)
2018-02-21,538.0,List of Gods (Japanese Wikipedia)
2018-02-22,448.0,List of Gods (Japanese Wikipedia)
2018-02-23,548.0,List of Gods (Japanese Wikipedia)
2018-02-24,560.0,List of Gods (Japanese Wikipedia)
2018-02-25,505.0,List of Gods (Japanese Wikipedia)
2018-02-26,535.0,List of Gods (Japanese Wikipedia)
2018-02-27,530.0,List of Gods (Japanese Wikipedia)
2018-02-28,569.0,List of Gods (Japanese Wikipedia)
2018-03-01,560.0,List of Gods (Japanese Wikipedia)
2018-03-02,586.0,List of Gods (Japanese Wikipedia)
2018-03-03,757.0,List of Gods (Japanese Wikipedia)
2018-03-04,634.0,List of Gods (Japanese Wikipedia)
2018-03-05,656.0,List of Gods (Japanese Wikipedia)
2018-03-06,604.0,List of Gods (Japanese Wikipedia)
2018-03-07,469.0,List of Gods (Japanese Wikipedia)
2018-03-08,526.0,List of Gods (Japanese Wikipedia)
2018-03-09,619.0,List of Gods (Japanese Wikipedia)
2018-03-10,466.0,List of Gods (Japanese Wikipedia)
2018-03-11,370.0,List of Gods (Japanese Wikipedia)
2018-03-12,554.0,List of Gods (Japanese Wikipedia)
2018-03-13,491.0,List of Gods (Japanese Wikipedia)
2018-03-14,613.0,List of Gods (Japanese Wikipedia)
2018-03-15,620.0,List of Gods (Japanese Wikipedia)
2018-03-16,453.0,List of Gods (Japanese Wikipedia)
2018-03-17,456.0,List of Gods (Japanese Wikipedia)
2018-03-18,360.0,List of Gods (Japanese Wikipedia)
2018-03-19,431.0,List of Gods (Japanese Wikipedia)
2018-03-20,590.0,List of Gods (Japanese Wikipedia)
2018-03-21,468.0,List of Gods (Japanese Wikipedia)
2018-03-22,493.0,List of Gods (Japanese Wikipedia)
2018-03-23,513.0,List of Gods (Japanese Wikipedia)
2018-03-24,390.0,List of Gods (Japanese Wikipedia)
2018-03-25,402.0,List of Gods (Japanese Wikipedia)
2018-03-26,469.0,List of Gods (Japanese Wikipedia)
2018-03-27,440.0,List of Gods (Japanese Wikipedia)
2018-03-28,536.0,List of Gods (Japanese Wikipedia)
2018-03-29,518.0,List of Gods (Japanese Wikipedia)
2018-03-30,481.0,List of Gods (Japanese Wikipedia)
2018-03-31,457.0,List of Gods (Japanese Wikipedia)
2018-04-01,413.0,List of Gods (Japanese Wikipedia)
2018-04-02,446.0,List of Gods (Japanese Wikipedia)
2018-04-03,480.0,List of Gods (Japanese Wikipedia)
2018-04-04,519.0,List of Gods (Japanese Wikipedia)
2018-04-05,520.0,List of Gods (Japanese Wikipedia)
2018-04-06,513.0,List of Gods (Japanese Wikipedia)
2018-04-07,424.0,List of Gods (Japanese Wikipedia)
2018-04-08,441.0,List of Gods (Japanese Wikipedia)
2018-04-09,475.0,List of Gods (Japanese Wikipedia)
2018-04-10,506.0,List of Gods (Japanese Wikipedia)
2018-04-11,473.0,List of Gods (Japanese Wikipedia)
2018-04-12,508.0,List of Gods (Japanese Wikipedia)
2018-04-13,489.0,List of Gods (Japanese Wikipedia)
2018-04-14,570.0,List of Gods (Japanese Wikipedia)
2018-04-15,520.0,List of Gods (Japanese Wikipedia)
2018-04-16,650.0,List of Gods (Japanese Wikipedia)
2018-04-17,487.0,List of Gods (Japanese Wikipedia)
2018-04-18,412.0,List of Gods (Japanese Wikipedia)
2018-04-19,555.0,List of Gods (Japanese Wikipedia)
2018-04-20,543.0,List of Gods (Japanese Wikipedia)
2018-04-21,447.0,List of Gods (Japanese Wikipedia)
2018-04-22,411.0,List of Gods (Japanese Wikipedia)
2018-04-23,515.0,List of Gods (Japanese Wikipedia)
2018-04-24,482.0,List of Gods (Japanese Wikipedia)
2018-04-25,517.0,List of Gods (Japanese Wikipedia)
2018-04-26,485.0,List of Gods (Japanese Wikipedia)
2018-04-27,420.0,List of Gods (Japanese Wikipedia)
2018-04-28,438.0,List of Gods (Japanese Wikipedia)
2018-04-29,410.0,List of Gods (Japanese Wikipedia)
2018-04-30,493.0,List of Gods (Japanese Wikipedia)
2018-05-01,458.0,List of Gods (Japanese Wikipedia)
2018-05-02,529.0,List of Gods (Japanese Wikipedia)
2018-05-03,486.0,List of Gods (Japanese Wikipedia)
2018-05-04,382.0,List of Gods (Japanese Wikipedia)
2018-05-05,508.0,List of Gods (Japanese Wikipedia)
2018-05-06,515.0,List of Gods (Japanese Wikipedia)
2018-05-07,612.0,List of Gods (Japanese Wikipedia)
2018-05-08,615.0,List of Gods (Japanese Wikipedia)
2018-05-09,459.0,List of Gods (Japanese Wikipedia)
2018-05-10,506.0,List of Gods (Japanese Wikipedia)
2018-05-11,544.0,List of Gods (Japanese Wikipedia)
2018-05-12,540.0,List of Gods (Japanese Wikipedia)
2018-05-13,520.0,List of Gods (Japanese Wikipedia)
2018-05-14,504.0,List of Gods (Japanese Wikipedia)
2018-05-15,470.0,List of Gods (Japanese Wikipedia)
2018-05-16,545.0,List of Gods (Japanese Wikipedia)
2018-05-17,454.0,List of Gods (Japanese Wikipedia)
2018-05-18,582.0,List of Gods (Japanese Wikipedia)
2018-05-19,574.0,List of Gods (Japanese Wikipedia)
2018-05-20,440.0,List of Gods (Japanese Wikipedia)
2018-05-21,555.0,List of Gods (Japanese Wikipedia)
2018-05-22,451.0,List of Gods (Japanese Wikipedia)
2018-05-23,552.0,List of Gods (Japanese Wikipedia)
2018-05-24,434.0,List of Gods (Japanese Wikipedia)
2018-05-25,535.0,List of Gods (Japanese Wikipedia)
2018-05-26,444.0,List of Gods (Japanese Wikipedia)
2018-05-27,520.0,List of Gods (Japanese Wikipedia)
2018-05-28,563.0,List of Gods (Japanese Wikipedia)
2018-05-29,502.0,List of Gods (Japanese Wikipedia)
2018-05-30,527.0,List of Gods (Japanese Wikipedia)
2018-05-31,677.0,List of Gods (Japanese Wikipedia)
2018-06-01,607.0,List of Gods (Japanese Wikipedia)
2018-06-02,540.0,List of Gods (Japanese Wikipedia)
2018-06-03,518.0,List of Gods (Japanese Wikipedia)
2018-06-04,670.0,List of Gods (Japanese Wikipedia)
2018-06-05,466.0,List of Gods (Japanese Wikipedia)
2018-06-06,517.0,List of Gods (Japanese Wikipedia)
2018-06-07,550.0,List of Gods (Japanese Wikipedia)
2018-06-08,505.0,List of Gods (Japanese Wikipedia)
2018-06-09,439.0,List of Gods (Japanese Wikipedia)
2018-06-10,535.0,List of Gods (Japanese Wikipedia)
2018-06-11,597.0,List of Gods (Japanese Wikipedia)
2018-06-12,544.0,List of Gods (Japanese Wikipedia)
2018-06-13,546.0,List of Gods (Japanese Wikipedia)
2018-06-14,742.0,List of Gods (Japanese Wikipedia)
2018-06-15,543.0,List of Gods (Japanese Wikipedia)
2018-06-16,456.0,List of Gods (Japanese Wikipedia)
2018-06-17,452.0,List of Gods (Japanese Wikipedia)
2018-06-18,474.0,List of Gods (Japanese Wikipedia)
2018-06-19,484.0,List of Gods (Japanese Wikipedia)
2018-06-20,552.0,List of Gods (Japanese Wikipedia)
2018-06-21,509.0,List of Gods (Japanese Wikipedia)
2018-06-22,507.0,List of Gods (Japanese Wikipedia)
2018-06-23,475.0,List of Gods (Japanese Wikipedia)
2018-06-24,410.0,List of Gods (Japanese Wikipedia)
2018-06-25,483.0,List of Gods (Japanese Wikipedia)
2018-06-26,540.0,List of Gods (Japanese Wikipedia)
2018-06-27,523.0,List of Gods (Japanese Wikipedia)
2018-06-28,536.0,List of Gods (Japanese Wikipedia)
2018-06-29,540.0,List of Gods (Japanese Wikipedia)
2018-06-30,445.0,List of Gods (Japanese Wikipedia)
2018-07-01,353.0,List of Gods (Japanese Wikipedia)
2018-07-02,493.0,List of Gods (Japanese Wikipedia)
2018-07-03,527.0,List of Gods (Japanese Wikipedia)
2018-07-04,456.0,List of Gods (Japanese Wikipedia)
2018-07-05,497.0,List of Gods (Japanese Wikipedia)
2018-07-06,562.0,List of Gods (Japanese Wikipedia)
2018-07-07,474.0,List of Gods (Japanese Wikipedia)
2018-07-08,509.0,List of Gods (Japanese Wikipedia)
2018-07-09,600.0,List of Gods (Japanese Wikipedia)
2018-07-10,494.0,List of Gods (Japanese Wikipedia)
2018-07-11,540.0,List of Gods (Japanese Wikipedia)
2018-07-12,564.0,List of Gods (Japanese Wikipedia)
2018-07-13,495.0,List of Gods (Japanese Wikipedia)
2018-07-14,391.0,List of Gods (Japanese Wikipedia)
2018-07-15,599.0,List of Gods (Japanese Wikipedia)
2018-07-16,761.0,List of Gods (Japanese Wikipedia)
2018-07-17,481.0,List of Gods (Japanese Wikipedia)
2018-07-18,522.0,List of Gods (Japanese Wikipedia)
2018-07-19,520.0,List of Gods (Japanese Wikipedia)
2018-07-20,554.0,List of Gods (Japanese Wikipedia)
2018-07-21,451.0,List of Gods (Japanese Wikipedia)
2018-07-22,376.0,List of Gods (Japanese Wikipedia)
2018-07-23,500.0,List of Gods (Japanese Wikipedia)
2018-07-24,447.0,List of Gods (Japanese Wikipedia)
2018-07-25,502.0,List of Gods (Japanese Wikipedia)
2018-07-26,497.0,List of Gods (Japanese Wikipedia)
2018-07-27,497.0,List of Gods (Japanese Wikipedia)
2018-07-28,393.0,List of Gods (Japanese Wikipedia)
2018-07-29,492.0,List of Gods (Japanese Wikipedia)
2018-07-30,501.0,List of Gods (Japanese Wikipedia)
2018-07-31,421.0,List of Gods (Japanese Wikipedia)
2018-08-01,511.0,List of Gods (Japanese Wikipedia)
2018-08-02,510.0,List of Gods (Japanese Wikipedia)
2018-08-03,504.0,List of Gods (Japanese Wikipedia)
2018-08-04,454.0,List of Gods (Japanese Wikipedia)
2018-08-05,471.0,List of Gods (Japanese Wikipedia)
2018-08-06,481.0,List of Gods (Japanese Wikipedia)
2018-08-07,527.0,List of Gods (Japanese Wikipedia)
2018-08-08,487.0,List of Gods (Japanese Wikipedia)
2018-08-09,475.0,List of Gods (Japanese Wikipedia)
2018-08-10,471.0,List of Gods (Japanese Wikipedia)
2018-08-11,449.0,List of Gods (Japanese Wikipedia)
2018-08-12,377.0,List of Gods (Japanese Wikipedia)
2018-08-13,444.0,List of Gods (Japanese Wikipedia)
2018-08-14,422.0,List of Gods (Japanese Wikipedia)
2018-08-15,417.0,List of Gods (Japanese Wikipedia)
2018-08-16,453.0,List of Gods (Japanese Wikipedia)
2018-08-17,446.0,List of Gods (Japanese Wikipedia)
2018-08-18,402.0,List of Gods (Japanese Wikipedia)
2018-08-19,427.0,List of Gods (Japanese Wikipedia)
2018-08-20,487.0,List of Gods (Japanese Wikipedia)
2018-08-21,461.0,List of Gods (Japanese Wikipedia)
2018-08-22,484.0,List of Gods (Japanese Wikipedia)
2018-08-23,525.0,List of Gods (Japanese Wikipedia)
2018-08-24,565.0,List of Gods (Japanese Wikipedia)
2018-08-25,426.0,List of Gods (Japanese Wikipedia)
2018-08-26,350.0,List of Gods (Japanese Wikipedia)
2018-08-27,485.0,List of Gods (Japanese Wikipedia)
2018-08-28,494.0,List of Gods (Japanese Wikipedia)
2018-08-29,488.0,List of Gods (Japanese Wikipedia)
2018-08-30,477.0,List of Gods (Japanese Wikipedia)
2018-08-31,471.0,List of Gods (Japanese Wikipedia)
2018-09-01,417.0,List of Gods (Japanese Wikipedia)
2018-09-02,451.0,List of Gods (Japanese Wikipedia)
2018-09-03,536.0,List of Gods (Japanese Wikipedia)
2018-09-04,503.0,List of Gods (Japanese Wikipedia)
2018-09-05,518.0,List of Gods (Japanese Wikipedia)
2018-09-06,374.0,List of Gods (Japanese Wikipedia)
2018-09-07,548.0,List of Gods (Japanese Wikipedia)
2018-09-08,524.0,List of Gods (Japanese Wikipedia)
2018-09-09,446.0,List of Gods (Japanese Wikipedia)
2018-09-10,573.0,List of Gods (Japanese Wikipedia)
2018-09-11,462.0,List of Gods (Japanese Wikipedia)
2018-09-12,475.0,List of Gods (Japanese Wikipedia)
2018-09-13,480.0,List of Gods (Japanese Wikipedia)
2018-09-14,480.0,List of Gods (Japanese Wikipedia)
2018-09-15,485.0,List of Gods (Japanese Wikipedia)
2018-09-16,441.0,List of Gods (Japanese Wikipedia)
2018-09-17,420.0,List of Gods (Japanese Wikipedia)
2018-09-18,450.0,List of Gods (Japanese Wikipedia)
2018-09-19,513.0,List of Gods (Japanese Wikipedia)
2018-09-20,458.0,List of Gods (Japanese Wikipedia)
2018-09-21,569.0,List of Gods (Japanese Wikipedia)
2018-09-22,481.0,List of Gods (Japanese Wikipedia)
2018-09-23,443.0,List of Gods (Japanese Wikipedia)
2018-09-24,396.0,List of Gods (Japanese Wikipedia)
2018-09-25,440.0,List of Gods (Japanese Wikipedia)
2018-09-26,431.0,List of Gods (Japanese Wikipedia)
2018-09-27,481.0,List of Gods (Japanese Wikipedia)
2018-09-28,412.0,List of Gods (Japanese Wikipedia)
2018-09-29,378.0,List of Gods (Japanese Wikipedia)
2018-09-30,430.0,List of Gods (Japanese Wikipedia)
2018-10-01,414.0,List of Gods (Japanese Wikipedia)
2018-10-02,465.0,List of Gods (Japanese Wikipedia)
2018-10-03,448.0,List of Gods (Japanese Wikipedia)
2018-10-04,457.0,List of Gods (Japanese Wikipedia)
2018-10-05,473.0,List of Gods (Japanese Wikipedia)
2018-10-06,436.0,List of Gods (Japanese Wikipedia)
2018-10-07,426.0,List of Gods (Japanese Wikipedia)
2018-10-08,500.0,List of Gods (Japanese Wikipedia)
2018-10-09,457.0,List of Gods (Japanese Wikipedia)
2018-10-10,485.0,List of Gods (Japanese Wikipedia)
2018-10-11,459.0,List of Gods (Japanese Wikipedia)
2018-10-12,443.0,List of Gods (Japanese Wikipedia)
2018-10-13,461.0,List of Gods (Japanese Wikipedia)
2018-10-14,378.0,List of Gods (Japanese Wikipedia)
2018-10-15,423.0,List of Gods (Japanese Wikipedia)
2018-10-16,442.0,List of Gods (Japanese Wikipedia)
2018-10-17,548.0,List of Gods (Japanese Wikipedia)
2018-10-18,506.0,List of Gods (Japanese Wikipedia)
2018-10-19,544.0,List of Gods (Japanese Wikipedia)
2018-10-20,451.0,List of Gods (Japanese Wikipedia)
2018-10-21,443.0,List of Gods (Japanese Wikipedia)
2018-10-22,559.0,List of Gods (Japanese Wikipedia)
2018-10-23,509.0,List of Gods (Japanese Wikipedia)
2018-10-24,447.0,List of Gods (Japanese Wikipedia)
2018-10-25,451.0,List of Gods (Japanese Wikipedia)
2018-10-26,500.0,List of Gods (Japanese Wikipedia)
2018-10-27,394.0,List of Gods (Japanese Wikipedia)
2018-10-28,466.0,List of Gods (Japanese Wikipedia)
2018-10-29,465.0,List of Gods (Japanese Wikipedia)
2018-10-30,455.0,List of Gods (Japanese Wikipedia)
2018-10-31,432.0,List of Gods (Japanese Wikipedia)
2018-11-01,541.0,List of Gods (Japanese Wikipedia)
2018-11-02,456.0,List of Gods (Japanese Wikipedia)
2018-11-03,437.0,List of Gods (Japanese Wikipedia)
2018-11-04,417.0,List of Gods (Japanese Wikipedia)
2018-11-05,442.0,List of Gods (Japanese Wikipedia)
2018-11-06,486.0,List of Gods (Japanese Wikipedia)
2018-11-07,476.0,List of Gods (Japanese Wikipedia)
2018-11-08,517.0,List of Gods (Japanese Wikipedia)
2018-11-09,539.0,List of Gods (Japanese Wikipedia)
2018-11-10,411.0,List of Gods (Japanese Wikipedia)
2018-11-11,464.0,List of Gods (Japanese Wikipedia)
2018-11-12,512.0,List of Gods (Japanese Wikipedia)
2018-11-13,478.0,List of Gods (Japanese Wikipedia)
2018-11-14,458.0,List of Gods (Japanese Wikipedia)
2018-11-15,508.0,List of Gods (Japanese Wikipedia)
2018-11-16,498.0,List of Gods (Japanese Wikipedia)
2018-11-17,394.0,List of Gods (Japanese Wikipedia)
2018-11-18,582.0,List of Gods (Japanese Wikipedia)
2018-11-19,521.0,List of Gods (Japanese Wikipedia)
2018-11-20,459.0,List of Gods (Japanese Wikipedia)
2018-11-21,462.0,List of Gods (Japanese Wikipedia)
2018-11-22,466.0,List of Gods (Japanese Wikipedia)
2018-11-23,329.0,List of Gods (Japanese Wikipedia)
2018-11-24,443.0,List of Gods (Japanese Wikipedia)
2018-11-25,448.0,List of Gods (Japanese Wikipedia)
2018-11-26,420.0,List of Gods (Japanese Wikipedia)
2018-11-27,537.0,List of Gods (Japanese Wikipedia)
2018-11-28,403.0,List of Gods (Japanese Wikipedia)
2018-11-29,504.0,List of Gods (Japanese Wikipedia)
2018-11-30,432.0,List of Gods (Japanese Wikipedia)
2018-12-01,418.0,List of Gods (Japanese Wikipedia)
2018-12-02,432.0,List of Gods (Japanese Wikipedia)
2018-12-03,511.0,List of Gods (Japanese Wikipedia)
2018-12-04,416.0,List of Gods (Japanese Wikipedia)
2018-12-05,557.0,List of Gods (Japanese Wikipedia)
2018-12-06,574.0,List of Gods (Japanese Wikipedia)
2018-12-07,465.0,List of Gods (Japanese Wikipedia)
2018-12-08,412.0,List of Gods (Japanese Wikipedia)
2018-12-09,343.0,List of Gods (Japanese Wikipedia)
2018-12-10,387.0,List of Gods (Japanese Wikipedia)
2018-12-11,387.0,List of Gods (Japanese Wikipedia)
2018-12-12,429.0,List of Gods (Japanese Wikipedia)
2018-12-13,420.0,List of Gods (Japanese Wikipedia)
2018-12-14,456.0,List of Gods (Japanese Wikipedia)
2018-12-15,418.0,List of Gods (Japanese Wikipedia)
2018-12-16,389.0,List of Gods (Japanese Wikipedia)
2018-12-17,472.0,List of Gods (Japanese Wikipedia)
2018-12-18,462.0,List of Gods (Japanese Wikipedia)
2018-12-19,401.0,List of Gods (Japanese Wikipedia)
2018-12-20,478.0,List of Gods (Japanese Wikipedia)
2018-12-21,453.0,List of Gods (Japanese Wikipedia)
2018-12-22,459.0,List of Gods (Japanese Wikipedia)
2018-12-23,370.0,List of Gods (Japanese Wikipedia)
2018-12-24,387.0,List of Gods (Japanese Wikipedia)
2018-12-25,404.0,List of Gods (Japanese Wikipedia)
2018-12-26,408.0,List of Gods (Japanese Wikipedia)
2018-12-27,417.0,List of Gods (Japanese Wikipedia)
2018-12-28,323.0,List of Gods (Japanese Wikipedia)
2018-12-29,336.0,List of Gods (Japanese Wikipedia)
2018-12-30,339.0,List of Gods (Japanese Wikipedia)
2018-12-31,288.0,List of Gods (Japanese Wikipedia)
2019-01-01,333.0,List of Gods (Japanese Wikipedia)
2019-01-02,387.0,List of Gods (Japanese Wikipedia)
2019-01-03,371.0,List of Gods (Japanese Wikipedia)
2019-01-04,490.0,List of Gods (Japanese Wikipedia)
2019-01-05,462.0,List of Gods (Japanese Wikipedia)
2019-01-06,457.0,List of Gods (Japanese Wikipedia)
2019-01-07,465.0,List of Gods (Japanese Wikipedia)
2019-01-08,486.0,List of Gods (Japanese Wikipedia)
2019-01-09,451.0,List of Gods (Japanese Wikipedia)
2019-01-10,411.0,List of Gods (Japanese Wikipedia)
2019-01-11,591.0,List of Gods (Japanese Wikipedia)
2019-01-12,427.0,List of Gods (Japanese Wikipedia)
2019-01-13,375.0,List of Gods (Japanese Wikipedia)
2019-01-14,462.0,List of Gods (Japanese Wikipedia)
2019-01-15,463.0,List of Gods (Japanese Wikipedia)
2019-01-16,543.0,List of Gods (Japanese Wikipedia)
2019-01-17,601.0,List of Gods (Japanese Wikipedia)
2019-01-18,547.0,List of Gods (Japanese Wikipedia)
2019-01-19,410.0,List of Gods (Japanese Wikipedia)
2019-01-20,474.0,List of Gods (Japanese Wikipedia)
2019-01-21,476.0,List of Gods (Japanese Wikipedia)
2019-01-22,466.0,List of Gods (Japanese Wikipedia)
2019-01-23,510.0,List of Gods (Japanese Wikipedia)
2019-01-24,443.0,List of Gods (Japanese Wikipedia)
2019-01-25,432.0,List of Gods (Japanese Wikipedia)
2019-01-26,382.0,List of Gods (Japanese Wikipedia)
2019-01-27,423.0,List of Gods (Japanese Wikipedia)
2019-01-28,580.0,List of Gods (Japanese Wikipedia)
2019-01-29,460.0,List of Gods (Japanese Wikipedia)
2019-01-30,486.0,List of Gods (Japanese Wikipedia)
2019-01-31,469.0,List of Gods (Japanese Wikipedia)
2019-02-01,405.0,List of Gods (Japanese Wikipedia)
2019-02-02,398.0,List of Gods (Japanese Wikipedia)
2019-02-03,516.0,List of Gods (Japanese Wikipedia)
2019-02-04,510.0,List of Gods (Japanese Wikipedia)
2019-02-05,452.0,List of Gods (Japanese Wikipedia)
2019-02-06,583.0,List of Gods (Japanese Wikipedia)
2019-02-07,425.0,List of Gods (Japanese Wikipedia)
2019-02-08,505.0,List of Gods (Japanese Wikipedia)
2019-02-09,461.0,List of Gods (Japanese Wikipedia)
2019-02-10,400.0,List of Gods (Japanese Wikipedia)
2019-02-11,467.0,List of Gods (Japanese Wikipedia)
2019-02-12,427.0,List of Gods (Japanese Wikipedia)
2019-02-13,460.0,List of Gods (Japanese Wikipedia)
2019-02-14,480.0,List of Gods (Japanese Wikipedia)
2019-02-15,440.0,List of Gods (Japanese Wikipedia)
2019-02-16,437.0,List of Gods (Japanese Wikipedia)
2019-02-17,434.0,List of Gods (Japanese Wikipedia)
2019-02-18,469.0,List of Gods (Japanese Wikipedia)
2019-02-19,474.0,List of Gods (Japanese Wikipedia)
2019-02-20,521.0,List of Gods (Japanese Wikipedia)
2019-02-21,444.0,List of Gods (Japanese Wikipedia)
2019-02-22,571.0,List of Gods (Japanese Wikipedia)
2019-02-23,509.0,List of Gods (Japanese Wikipedia)
2019-02-24,464.0,List of Gods (Japanese Wikipedia)
2019-02-25,463.0,List of Gods (Japanese Wikipedia)
2019-02-26,434.0,List of Gods (Japanese Wikipedia)
2019-02-27,467.0,List of Gods (Japanese Wikipedia)
2019-02-28,427.0,List of Gods (Japanese Wikipedia)
2019-03-01,466.0,List of Gods (Japanese Wikipedia)
2019-03-02,393.0,List of Gods (Japanese Wikipedia)
2019-03-03,424.0,List of Gods (Japanese Wikipedia)
2019-03-04,467.0,List of Gods (Japanese Wikipedia)
2019-03-05,440.0,List of Gods (Japanese Wikipedia)
2019-03-06,410.0,List of Gods (Japanese Wikipedia)
2019-03-07,422.0,List of Gods (Japanese Wikipedia)
2019-03-08,411.0,List of Gods (Japanese Wikipedia)
2019-03-09,369.0,List of Gods (Japanese Wikipedia)
2019-03-10,338.0,List of Gods (Japanese Wikipedia)
2019-03-11,456.0,List of Gods (Japanese Wikipedia)
2019-03-12,456.0,List of Gods (Japanese Wikipedia)
2019-03-13,439.0,List of Gods (Japanese Wikipedia)
2019-03-14,396.0,List of Gods (Japanese Wikipedia)
2019-03-15,418.0,List of Gods (Japanese Wikipedia)
2019-03-16,382.0,List of Gods (Japanese Wikipedia)
2019-03-17,406.0,List of Gods (Japanese Wikipedia)
2019-03-18,392.0,List of Gods (Japanese Wikipedia)
2019-03-19,397.0,List of Gods (Japanese Wikipedia)
2019-03-20,419.0,List of Gods (Japanese Wikipedia)
2019-03-21,351.0,List of Gods (Japanese Wikipedia)
2019-03-22,367.0,List of Gods (Japanese Wikipedia)
2019-03-23,344.0,List of Gods (Japanese Wikipedia)
2019-03-24,371.0,List of Gods (Japanese Wikipedia)
2019-03-25,440.0,List of Gods (Japanese Wikipedia)
2019-03-26,404.0,List of Gods (Japanese Wikipedia)
2019-03-27,438.0,List of Gods (Japanese Wikipedia)
2019-03-28,391.0,List of Gods (Japanese Wikipedia)
2019-03-29,361.0,List of Gods (Japanese Wikipedia)
2019-03-30,347.0,List of Gods (Japanese Wikipedia)
2019-03-31,360.0,List of Gods (Japanese Wikipedia)
2019-04-01,327.0,List of Gods (Japanese Wikipedia)
2019-04-02,365.0,List of Gods (Japanese Wikipedia)
2019-04-03,425.0,List of Gods (Japanese Wikipedia)
2019-04-04,426.0,List of Gods (Japanese Wikipedia)
2019-04-05,379.0,List of Gods (Japanese Wikipedia)
2019-04-06,303.0,List of Gods (Japanese Wikipedia)
2019-04-07,333.0,List of Gods (Japanese Wikipedia)
2019-04-08,402.0,List of Gods (Japanese Wikipedia)
2019-04-09,391.0,List of Gods (Japanese Wikipedia)
2019-04-10,395.0,List of Gods (Japanese Wikipedia)
2019-04-11,370.0,List of Gods (Japanese Wikipedia)
2019-04-12,428.0,List of Gods (Japanese Wikipedia)
2019-04-13,392.0,List of Gods (Japanese Wikipedia)
2019-04-14,338.0,List of Gods (Japanese Wikipedia)
2019-04-15,449.0,List of Gods (Japanese Wikipedia)
2019-04-16,477.0,List of Gods (Japanese Wikipedia)
2019-04-17,390.0,List of Gods (Japanese Wikipedia)
2019-04-18,427.0,List of Gods (Japanese Wikipedia)
2019-04-19,394.0,List of Gods (Japanese Wikipedia)
2019-04-20,455.0,List of Gods (Japanese Wikipedia)
2019-04-21,347.0,List of Gods (Japanese Wikipedia)
2019-04-22,367.0,List of Gods (Japanese Wikipedia)
2019-04-23,442.0,List of Gods (Japanese Wikipedia)
2019-04-24,413.0,List of Gods (Japanese Wikipedia)
2019-04-25,427.0,List of Gods (Japanese Wikipedia)
2019-04-26,421.0,List of Gods (Japanese Wikipedia)
2019-04-27,420.0,List of Gods (Japanese Wikipedia)
2019-04-28,386.0,List of Gods (Japanese Wikipedia)
2019-04-29,389.0,List of Gods (Japanese Wikipedia)
2019-04-30,383.0,List of Gods (Japanese Wikipedia)
2019-05-01,339.0,List of Gods (Japanese Wikipedia)
2019-05-02,406.0,List of Gods (Japanese Wikipedia)
2019-05-03,346.0,List of Gods (Japanese Wikipedia)
2019-05-04,387.0,List of Gods (Japanese Wikipedia)
2019-05-05,482.0,List of Gods (Japanese Wikipedia)
2019-05-06,434.0,List of Gods (Japanese Wikipedia)
2019-05-07,445.0,List of Gods (Japanese Wikipedia)
2019-05-08,427.0,List of Gods (Japanese Wikipedia)
2019-05-09,420.0,List of Gods (Japanese Wikipedia)
2019-05-10,419.0,List of Gods (Japanese Wikipedia)
2019-05-11,345.0,List of Gods (Japanese Wikipedia)
2019-05-12,343.0,List of Gods (Japanese Wikipedia)
2019-05-13,447.0,List of Gods (Japanese Wikipedia)
2019-05-14,423.0,List of Gods (Japanese Wikipedia)
2019-05-15,380.0,List of Gods (Japanese Wikipedia)
2019-05-16,539.0,List of Gods (Japanese Wikipedia)
2019-05-17,552.0,List of Gods (Japanese Wikipedia)
2019-05-18,389.0,List of Gods (Japanese Wikipedia)
2019-05-19,379.0,List of Gods (Japanese Wikipedia)
2019-05-20,427.0,List of Gods (Japanese Wikipedia)
2019-05-21,465.0,List of Gods (Japanese Wikipedia)
2019-05-22,452.0,List of Gods (Japanese Wikipedia)
2019-05-23,487.0,List of Gods (Japanese Wikipedia)
2019-05-24,475.0,List of Gods (Japanese Wikipedia)
2019-05-25,377.0,List of Gods (Japanese Wikipedia)
2019-05-26,369.0,List of Gods (Japanese Wikipedia)
2019-05-27,487.0,List of Gods (Japanese Wikipedia)
2019-05-28,408.0,List of Gods (Japanese Wikipedia)
2019-05-29,510.0,List of Gods (Japanese Wikipedia)
2019-05-30,437.0,List of Gods (Japanese Wikipedia)
2019-05-31,340.0,List of Gods (Japanese Wikipedia)
2019-06-01,362.0,List of Gods (Japanese Wikipedia)
2019-06-02,341.0,List of Gods (Japanese Wikipedia)
2019-06-03,525.0,List of Gods (Japanese Wikipedia)
2019-06-04,420.0,List of Gods (Japanese Wikipedia)
2019-06-05,448.0,List of Gods (Japanese Wikipedia)
2019-06-06,434.0,List of Gods (Japanese Wikipedia)
2019-06-07,476.0,List of Gods (Japanese Wikipedia)
2019-06-08,416.0,List of Gods (Japanese Wikipedia)
2019-06-09,408.0,List of Gods (Japanese Wikipedia)
2019-06-10,398.0,List of Gods (Japanese Wikipedia)
2019-06-11,444.0,List of Gods (Japanese Wikipedia)
2019-06-12,492.0,List of Gods (Japanese Wikipedia)
2019-06-13,429.0,List of Gods (Japanese Wikipedia)
2019-06-14,474.0,List of Gods (Japanese Wikipedia)
2019-06-15,452.0,List of Gods (Japanese Wikipedia)
2019-06-16,517.0,List of Gods (Japanese Wikipedia)
2019-06-17,485.0,List of Gods (Japanese Wikipedia)
2019-06-18,518.0,List of Gods (Japanese Wikipedia)
2019-06-19,557.0,List of Gods (Japanese Wikipedia)
2019-06-20,418.0,List of Gods (Japanese Wikipedia)
2019-06-21,496.0,List of Gods (Japanese Wikipedia)
2019-06-22,701.0,List of Gods (Japanese Wikipedia)
2019-06-23,482.0,List of Gods (Japanese Wikipedia)
2019-06-24,463.0,List of Gods (Japanese Wikipedia)
2019-06-25,533.0,List of Gods (Japanese Wikipedia)
2019-06-26,401.0,List of Gods (Japanese Wikipedia)
2019-06-27,494.0,List of Gods (Japanese Wikipedia)
2019-06-28,506.0,List of Gods (Japanese Wikipedia)
2019-06-29,410.0,List of Gods (Japanese Wikipedia)
2019-06-30,408.0,List of Gods (Japanese Wikipedia)
2019-07-01,419.0,List of Gods (Japanese Wikipedia)
2019-07-02,466.0,List of Gods (Japanese Wikipedia)
2019-07-03,408.0,List of Gods (Japanese Wikipedia)
2019-07-04,440.0,List of Gods (Japanese Wikipedia)
2019-07-05,500.0,List of Gods (Japanese Wikipedia)
2019-07-06,489.0,List of Gods (Japanese Wikipedia)
2019-07-07,381.0,List of Gods (Japanese Wikipedia)
2019-07-08,436.0,List of Gods (Japanese Wikipedia)
2019-07-09,554.0,List of Gods (Japanese Wikipedia)
2019-07-10,462.0,List of Gods (Japanese Wikipedia)
2019-07-11,467.0,List of Gods (Japanese Wikipedia)
2019-07-12,444.0,List of Gods (Japanese Wikipedia)
2019-07-13,523.0,List of Gods (Japanese Wikipedia)
2019-07-14,655.0,List of Gods (Japanese Wikipedia)
2019-07-15,493.0,List of Gods (Japanese Wikipedia)
2019-07-16,520.0,List of Gods (Japanese Wikipedia)
2019-07-17,419.0,List of Gods (Japanese Wikipedia)
2019-07-18,521.0,List of Gods (Japanese Wikipedia)
2019-07-19,436.0,List of Gods (Japanese Wikipedia)
2019-07-20,411.0,List of Gods (Japanese Wikipedia)
2019-07-21,372.0,List of Gods (Japanese Wikipedia)
2019-07-22,360.0,List of Gods (Japanese Wikipedia)
2019-07-23,390.0,List of Gods (Japanese Wikipedia)
2019-07-24,464.0,List of Gods (Japanese Wikipedia)
2019-07-25,399.0,List of Gods (Japanese Wikipedia)
2019-07-26,382.0,List of Gods (Japanese Wikipedia)
2019-07-27,347.0,List of Gods (Japanese Wikipedia)
2019-07-28,345.0,List of Gods (Japanese Wikipedia)
2019-07-29,383.0,List of Gods (Japanese Wikipedia)
2019-07-30,473.0,List of Gods (Japanese Wikipedia)
2019-07-31,417.0,List of Gods (Japanese Wikipedia)
2019-08-01,375.0,List of Gods (Japanese Wikipedia)
2019-08-02,376.0,List of Gods (Japanese Wikipedia)
2019-08-03,307.0,List of Gods (Japanese Wikipedia)
2019-08-04,363.0,List of Gods (Japanese Wikipedia)
2019-08-05,389.0,List of Gods (Japanese Wikipedia)
2019-08-06,395.0,List of Gods (Japanese Wikipedia)
2019-08-07,372.0,List of Gods (Japanese Wikipedia)
2019-08-08,440.0,List of Gods (Japanese Wikipedia)
2019-08-09,407.0,List of Gods (Japanese Wikipedia)
2019-08-10,419.0,List of Gods (Japanese Wikipedia)
2019-08-11,303.0,List of Gods (Japanese Wikipedia)
2019-08-12,361.0,List of Gods (Japanese Wikipedia)
2019-08-13,388.0,List of Gods (Japanese Wikipedia)
2019-08-14,472.0,List of Gods (Japanese Wikipedia)
2019-08-15,447.0,List of Gods (Japanese Wikipedia)
2019-08-16,418.0,List of Gods (Japanese Wikipedia)
2019-08-17,409.0,List of Gods (Japanese Wikipedia)
2019-08-18,346.0,List of Gods (Japanese Wikipedia)
2019-08-19,406.0,List of Gods (Japanese Wikipedia)
2019-08-20,437.0,List of Gods (Japanese Wikipedia)
2019-08-21,446.0,List of Gods (Japanese Wikipedia)
2019-08-22,360.0,List of Gods (Japanese Wikipedia)
2019-08-23,442.0,List of Gods (Japanese Wikipedia)
2019-08-24,412.0,List of Gods (Japanese Wikipedia)
2019-08-25,365.0,List of Gods (Japanese Wikipedia)
2019-08-26,466.0,List of Gods (Japanese Wikipedia)
2019-08-27,374.0,List of Gods (Japanese Wikipedia)
2019-08-28,371.0,List of Gods (Japanese Wikipedia)
2019-08-29,421.0,List of Gods (Japanese Wikipedia)
2019-08-30,436.0,List of Gods (Japanese Wikipedia)
2019-08-31,387.0,List of Gods (Japanese Wikipedia)
2019-09-01,424.0,List of Gods (Japanese Wikipedia)
2019-09-02,423.0,List of Gods (Japanese Wikipedia)
2019-09-03,556.0,List of Gods (Japanese Wikipedia)
2019-09-04,450.0,List of Gods (Japanese Wikipedia)
2019-09-05,387.0,List of Gods (Japanese Wikipedia)
2019-09-06,383.0,List of Gods (Japanese Wikipedia)
2019-09-07,418.0,List of Gods (Japanese Wikipedia)
2019-09-08,403.0,List of Gods (Japanese Wikipedia)
2019-09-09,374.0,List of Gods (Japanese Wikipedia)
2019-09-10,377.0,List of Gods (Japanese Wikipedia)
2019-09-11,374.0,List of Gods (Japanese Wikipedia)
2019-09-12,387.0,List of Gods (Japanese Wikipedia)
2019-09-13,419.0,List of Gods (Japanese Wikipedia)
2019-09-14,374.0,List of Gods (Japanese Wikipedia)
2019-09-15,408.0,List of Gods (Japanese Wikipedia)
2019-09-16,423.0,List of Gods (Japanese Wikipedia)
2019-09-17,389.0,List of Gods (Japanese Wikipedia)
2019-09-18,418.0,List of Gods (Japanese Wikipedia)
2019-09-19,429.0,List of Gods (Japanese Wikipedia)
2019-09-20,450.0,List of Gods (Japanese Wikipedia)
2019-09-21,320.0,List of Gods (Japanese Wikipedia)
2019-09-22,632.0,List of Gods (Japanese Wikipedia)
2019-09-23,364.0,List of Gods (Japanese Wikipedia)
2019-09-24,367.0,List of Gods (Japanese Wikipedia)
2019-09-25,441.0,List of Gods (Japanese Wikipedia)
2019-09-26,505.0,List of Gods (Japanese Wikipedia)
2019-09-27,393.0,List of Gods (Japanese Wikipedia)
2019-09-28,311.0,List of Gods (Japanese Wikipedia)
2019-09-29,350.0,List of Gods (Japanese Wikipedia)
2019-09-30,381.0,List of Gods (Japanese Wikipedia)
2019-10-01,391.0,List of Gods (Japanese Wikipedia)
2019-10-02,388.0,List of Gods (Japanese Wikipedia)
2019-10-03,412.0,List of Gods (Japanese Wikipedia)
2019-10-04,484.0,List of Gods (Japanese Wikipedia)
2019-10-05,303.0,List of Gods (Japanese Wikipedia)
2019-10-06,358.0,List of Gods (Japanese Wikipedia)
2019-10-07,406.0,List of Gods (Japanese Wikipedia)
2019-10-08,405.0,List of Gods (Japanese Wikipedia)
2019-10-09,409.0,List of Gods (Japanese Wikipedia)
2019-10-10,401.0,List of Gods (Japanese Wikipedia)
2019-10-11,435.0,List of Gods (Japanese Wikipedia)
2019-10-12,466.0,List of Gods (Japanese Wikipedia)
2019-10-13,341.0,List of Gods (Japanese Wikipedia)
2019-10-14,438.0,List of Gods (Japanese Wikipedia)
2019-10-15,453.0,List of Gods (Japanese Wikipedia)
2019-10-16,457.0,List of Gods (Japanese Wikipedia)
2019-10-17,457.0,List of Gods (Japanese Wikipedia)
2019-10-18,499.0,List of Gods (Japanese Wikipedia)
2019-10-19,319.0,List of Gods (Japanese Wikipedia)
2019-10-20,459.0,List of Gods (Japanese Wikipedia)
2019-10-21,471.0,List of Gods (Japanese Wikipedia)
2019-10-22,432.0,List of Gods (Japanese Wikipedia)
2019-10-23,425.0,List of Gods (Japanese Wikipedia)
2019-10-24,478.0,List of Gods (Japanese Wikipedia)
2019-10-25,473.0,List of Gods (Japanese Wikipedia)
2019-10-26,338.0,List of Gods (Japanese Wikipedia)
2019-10-27,398.0,List of Gods (Japanese Wikipedia)
2019-10-28,442.0,List of Gods (Japanese Wikipedia)
2019-10-29,562.0,List of Gods (Japanese Wikipedia)
2019-10-30,420.0,List of Gods (Japanese Wikipedia)
2019-10-31,422.0,List of Gods (Japanese Wikipedia)
2019-11-01,401.0,List of Gods (Japanese Wikipedia)
2019-11-02,360.0,List of Gods (Japanese Wikipedia)
2019-11-03,404.0,List of Gods (Japanese Wikipedia)
2019-11-04,427.0,List of Gods (Japanese Wikipedia)
2019-11-05,406.0,List of Gods (Japanese Wikipedia)
2019-11-06,432.0,List of Gods (Japanese Wikipedia)
2019-11-07,505.0,List of Gods (Japanese Wikipedia)
2019-11-08,478.0,List of Gods (Japanese Wikipedia)
2019-11-09,383.0,List of Gods (Japanese Wikipedia)
2019-11-10,352.0,List of Gods (Japanese Wikipedia)
2019-11-11,391.0,List of Gods (Japanese Wikipedia)
2019-11-12,431.0,List of Gods (Japanese Wikipedia)
2019-11-13,443.0,List of Gods (Japanese Wikipedia)
2019-11-14,468.0,List of Gods (Japanese Wikipedia)
2019-11-15,488.0,List of Gods (Japanese Wikipedia)
2019-11-16,316.0,List of Gods (Japanese Wikipedia)
2019-11-17,359.0,List of Gods (Japanese Wikipedia)
2019-11-18,515.0,List of Gods (Japanese Wikipedia)
2019-11-19,459.0,List of Gods (Japanese Wikipedia)
2019-11-20,434.0,List of Gods (Japanese Wikipedia)
2019-11-21,376.0,List of Gods (Japanese Wikipedia)
2019-11-22,487.0,List of Gods (Japanese Wikipedia)
2019-11-23,371.0,List of Gods (Japanese Wikipedia)
2019-11-24,428.0,List of Gods (Japanese Wikipedia)
2019-11-25,459.0,List of Gods (Japanese Wikipedia)
2019-11-26,442.0,List of Gods (Japanese Wikipedia)
2019-11-27,472.0,List of Gods (Japanese Wikipedia)
2019-11-28,596.0,List of Gods (Japanese Wikipedia)
2019-11-29,417.0,List of Gods (Japanese Wikipedia)
2019-11-30,338.0,List of Gods (Japanese Wikipedia)
2019-12-01,364.0,List of Gods (Japanese Wikipedia)
2019-12-02,408.0,List of Gods (Japanese Wikipedia)
2019-12-03,430.0,List of Gods (Japanese Wikipedia)
2019-12-04,377.0,List of Gods (Japanese Wikipedia)
2019-12-05,447.0,List of Gods (Japanese Wikipedia)
2019-12-06,412.0,List of Gods (Japanese Wikipedia)
2019-12-07,335.0,List of Gods (Japanese Wikipedia)
2019-12-08,356.0,List of Gods (Japanese Wikipedia)
2019-12-09,501.0,List of Gods (Japanese Wikipedia)
2019-12-10,422.0,List of Gods (Japanese Wikipedia)
2019-12-11,550.0,List of Gods (Japanese Wikipedia)
2019-12-12,382.0,List of Gods (Japanese Wikipedia)
2019-12-13,407.0,List of Gods (Japanese Wikipedia)
2019-12-14,390.0,List of Gods (Japanese Wikipedia)
2019-12-15,357.0,List of Gods (Japanese Wikipedia)
2019-12-16,436.0,List of Gods (Japanese Wikipedia)
2019-12-17,469.0,List of Gods (Japanese Wikipedia)
2019-12-18,453.0,List of Gods (Japanese Wikipedia)
2019-12-19,443.0,List of Gods (Japanese Wikipedia)
2019-12-20,382.0,List of Gods (Japanese Wikipedia)
2019-12-21,377.0,List of Gods (Japanese Wikipedia)
2019-12-22,338.0,List of Gods (Japanese Wikipedia)
2019-12-23,410.0,List of Gods (Japanese Wikipedia)
2019-12-24,387.0,List of Gods (Japanese Wikipedia)
2019-12-25,334.0,List of Gods (Japanese Wikipedia)
2019-12-26,505.0,List of Gods (Japanese Wikipedia)
2019-12-27,336.0,List of Gods (Japanese Wikipedia)
2019-12-28,335.0,List of Gods (Japanese Wikipedia)
2019-12-29,443.0,List of Gods (Japanese Wikipedia)
2019-12-30,308.0,List of Gods (Japanese Wikipedia)
2019-12-31,636.0,List of Gods (Japanese Wikipedia)
